#date,time,name,appointedType,baseLabelName,[number],item,unit,value,status,[number],item,unit,value,status,[number],item,unit,value,status,[number],item,unit,value,status,[number],item,unit,value,status,[number],item,unit,value,status,[number],item,unit,value,status,[number],item,unit,value,status,[number],item,unit,value,status,[number],item,unit,value,status,,,
7/5/2015,00:00-00:15,Addis_Ababa_5::PMON Slot01 MODEM,Other,Addis_Ababa_5,[1],RF BBE,,0,,[2],RF ES,,0,,[3],RF SES,,0,,[4],RF SEP,,0,,[5],RF UAS,,0,,[6],RF OFS,,0,,[7],RX LEV1(MIN) [dBm],,-52.8,,[8],RX LEV1(MAX) [dBm],,-51.9,,[9],RX LEV2(MIN) [dBm],,0,N/A,[10],RX LEV2(MAX) [dBm],,0,N/A,-52.35,-0.35,0:15
7/5/2015,00:15-00:30,Addis_Ababa_5::PMON Slot01 MODEM,Other,Addis_Ababa_5,[1],RF BBE,,0,,[2],RF ES,,0,,[3],RF SES,,0,,[4],RF SEP,,0,,[5],RF UAS,,0,,[6],RF OFS,,0,,[7],RX LEV1(MIN) [dBm],,-53,,[8],RX LEV1(MAX) [dBm],,-51.9,,[9],RX LEV2(MIN) [dBm],,0,N/A,[10],RX LEV2(MAX) [dBm],,0,N/A,-52.45,-0.45,0:30
7/5/2015,00:30-00:45,Addis_Ababa_5::PMON Slot01 MODEM,Other,Addis_Ababa_5,[1],RF BBE,,0,,[2],RF ES,,0,,[3],RF SES,,0,,[4],RF SEP,,0,,[5],RF UAS,,0,,[6],RF OFS,,0,,[7],RX LEV1(MIN) [dBm],,-53.1,,[8],RX LEV1(MAX) [dBm],,-51.8,,[9],RX LEV2(MIN) [dBm],,0,N/A,[10],RX LEV2(MAX) [dBm],,0,N/A,-52.45,-0.45,0:45
7/5/2015,00:45-01:00,Addis_Ababa_5::PMON Slot01 MODEM,Other,Addis_Ababa_5,[1],RF BBE,,0,,[2],RF ES,,0,,[3],RF SES,,0,,[4],RF SEP,,0,,[5],RF UAS,,0,,[6],RF OFS,,0,,[7],RX LEV1(MIN) [dBm],,-53.1,,[8],RX LEV1(MAX) [dBm],,-51.9,,[9],RX LEV2(MIN) [dBm],,0,N/A,[10],RX LEV2(MAX) [dBm],,0,N/A,-52.5,-0.5,1:00
7/5/2015,01:00-01:15,Addis_Ababa_5::PMON Slot01 MODEM,Other,Addis_Ababa_5,[1],RF BBE,,0,,[2],RF ES,,0,,[3],RF SES,,0,,[4],RF SEP,,0,,[5],RF UAS,,0,,[6],RF OFS,,0,,[7],RX LEV1(MIN) [dBm],,-53.2,,[8],RX LEV1(MAX) [dBm],,-51.7,,[9],RX LEV2(MIN) [dBm],,0,N/A,[10],RX LEV2(MAX) [dBm],,0,N/A,-52.45,-0.45,1:15
7/5/2015,01:15-01:30,Addis_Ababa_5::PMON Slot01 MODEM,Other,Addis_Ababa_5,[1],RF BBE,,0,,[2],RF ES,,0,,[3],RF SES,,0,,[4],RF SEP,,0,,[5],RF UAS,,0,,[6],RF OFS,,0,,[7],RX LEV1(MIN) [dBm],,-53,,[8],RX LEV1(MAX) [dBm],,-51.9,,[9],RX LEV2(MIN) [dBm],,0,N/A,[10],RX LEV2(MAX) [dBm],,0,N/A,-52.45,-0.45,1:30
7/5/2015,01:30-01:45,Addis_Ababa_5::PMON Slot01 MODEM,Other,Addis_Ababa_5,[1],RF BBE,,0,,[2],RF ES,,0,,[3],RF SES,,0,,[4],RF SEP,,0,,[5],RF UAS,,0,,[6],RF OFS,,0,,[7],RX LEV1(MIN) [dBm],,-53,,[8],RX LEV1(MAX) [dBm],,-51.8,,[9],RX LEV2(MIN) [dBm],,0,N/A,[10],RX LEV2(MAX) [dBm],,0,N/A,-52.4,-0.4,1:45
7/5/2015,01:45-02:00,Addis_Ababa_5::PMON Slot01 MODEM,Other,Addis_Ababa_5,[1],RF BBE,,0,,[2],RF ES,,0,,[3],RF SES,,0,,[4],RF SEP,,0,,[5],RF UAS,,0,,[6],RF OFS,,0,,[7],RX LEV1(MIN) [dBm],,-53.2,,[8],RX LEV1(MAX) [dBm],,-51.8,,[9],RX LEV2(MIN) [dBm],,0,N/A,[10],RX LEV2(MAX) [dBm],,0,N/A,-52.5,-0.5,2:00
7/5/2015,02:00-02:15,Addis_Ababa_5::PMON Slot01 MODEM,Other,Addis_Ababa_5,[1],RF BBE,,0,,[2],RF ES,,0,,[3],RF SES,,0,,[4],RF SEP,,0,,[5],RF UAS,,0,,[6],RF OFS,,0,,[7],RX LEV1(MIN) [dBm],,-52.8,,[8],RX LEV1(MAX) [dBm],,-51.9,,[9],RX LEV2(MIN) [dBm],,0,N/A,[10],RX LEV2(MAX) [dBm],,0,N/A,-52.35,-0.35,2:15
7/5/2015,02:15-02:30,Addis_Ababa_5::PMON Slot01 MODEM,Other,Addis_Ababa_5,[1],RF BBE,,0,,[2],RF ES,,0,,[3],RF SES,,0,,[4],RF SEP,,0,,[5],RF UAS,,0,,[6],RF OFS,,0,,[7],RX LEV1(MIN) [dBm],,-52.8,,[8],RX LEV1(MAX) [dBm],,-51.9,,[9],RX LEV2(MIN) [dBm],,0,N/A,[10],RX LEV2(MAX) [dBm],,0,N/A,-52.35,-0.35,2:30
7/5/2015,02:30-02:45,Addis_Ababa_5::PMON Slot01 MODEM,Other,Addis_Ababa_5,[1],RF BBE,,0,,[2],RF ES,,0,,[3],RF SES,,0,,[4],RF SEP,,0,,[5],RF UAS,,0,,[6],RF OFS,,0,,[7],RX LEV1(MIN) [dBm],,-52.8,,[8],RX LEV1(MAX) [dBm],,-51.8,,[9],RX LEV2(MIN) [dBm],,0,N/A,[10],RX LEV2(MAX) [dBm],,0,N/A,-52.3,-0.3,2:45
7/5/2015,02:45-03:00,Addis_Ababa_5::PMON Slot01 MODEM,Other,Addis_Ababa_5,[1],RF BBE,,0,,[2],RF ES,,0,,[3],RF SES,,0,,[4],RF SEP,,0,,[5],RF UAS,,0,,[6],RF OFS,,0,,[7],RX LEV1(MIN) [dBm],,-52.8,,[8],RX LEV1(MAX) [dBm],,-51.7,,[9],RX LEV2(MIN) [dBm],,0,N/A,[10],RX LEV2(MAX) [dBm],,0,N/A,-52.25,-0.25,3:00
7/5/2015,03:00-03:15,Addis_Ababa_5::PMON Slot01 MODEM,Other,Addis_Ababa_5,[1],RF BBE,,0,,[2],RF ES,,0,,[3],RF SES,,0,,[4],RF SEP,,0,,[5],RF UAS,,0,,[6],RF OFS,,0,,[7],RX LEV1(MIN) [dBm],,-52.8,,[8],RX LEV1(MAX) [dBm],,-51.5,,[9],RX LEV2(MIN) [dBm],,0,N/A,[10],RX LEV2(MAX) [dBm],,0,N/A,-52.15,-0.15,3:15
7/5/2015,03:15-03:30,Addis_Ababa_5::PMON Slot01 MODEM,Other,Addis_Ababa_5,[1],RF BBE,,0,,[2],RF ES,,0,,[3],RF SES,,0,,[4],RF SEP,,0,,[5],RF UAS,,0,,[6],RF OFS,,0,,[7],RX LEV1(MIN) [dBm],,-52.8,,[8],RX LEV1(MAX) [dBm],,-51.9,,[9],RX LEV2(MIN) [dBm],,0,N/A,[10],RX LEV2(MAX) [dBm],,0,N/A,-52.35,-0.35,3:30
7/5/2015,03:30-03:45,Addis_Ababa_5::PMON Slot01 MODEM,Other,Addis_Ababa_5,[1],RF BBE,,0,,[2],RF ES,,0,,[3],RF SES,,0,,[4],RF SEP,,0,,[5],RF UAS,,0,,[6],RF OFS,,0,,[7],RX LEV1(MIN) [dBm],,-52.8,,[8],RX LEV1(MAX) [dBm],,-51.9,,[9],RX LEV2(MIN) [dBm],,0,N/A,[10],RX LEV2(MAX) [dBm],,0,N/A,-52.35,-0.35,3:45
7/5/2015,03:45-04:00,Addis_Ababa_5::PMON Slot01 MODEM,Other,Addis_Ababa_5,[1],RF BBE,,0,,[2],RF ES,,0,,[3],RF SES,,0,,[4],RF SEP,,0,,[5],RF UAS,,0,,[6],RF OFS,,0,,[7],RX LEV1(MIN) [dBm],,-52.8,,[8],RX LEV1(MAX) [dBm],,-51.9,,[9],RX LEV2(MIN) [dBm],,0,N/A,[10],RX LEV2(MAX) [dBm],,0,N/A,-52.35,-0.35,4:00
7/5/2015,04:00-04:15,Addis_Ababa_5::PMON Slot01 MODEM,Other,Addis_Ababa_5,[1],RF BBE,,0,,[2],RF ES,,0,,[3],RF SES,,0,,[4],RF SEP,,0,,[5],RF UAS,,0,,[6],RF OFS,,0,,[7],RX LEV1(MIN) [dBm],,-53,,[8],RX LEV1(MAX) [dBm],,-51.8,,[9],RX LEV2(MIN) [dBm],,0,N/A,[10],RX LEV2(MAX) [dBm],,0,N/A,-52.4,-0.4,4:15
7/5/2015,04:15-04:30,Addis_Ababa_5::PMON Slot01 MODEM,Other,Addis_Ababa_5,[1],RF BBE,,0,,[2],RF ES,,0,,[3],RF SES,,0,,[4],RF SEP,,0,,[5],RF UAS,,0,,[6],RF OFS,,0,,[7],RX LEV1(MIN) [dBm],,-53,,[8],RX LEV1(MAX) [dBm],,-51.8,,[9],RX LEV2(MIN) [dBm],,0,N/A,[10],RX LEV2(MAX) [dBm],,0,N/A,-52.4,-0.4,4:30
7/5/2015,04:30-04:45,Addis_Ababa_5::PMON Slot01 MODEM,Other,Addis_Ababa_5,[1],RF BBE,,0,,[2],RF ES,,0,,[3],RF SES,,0,,[4],RF SEP,,0,,[5],RF UAS,,0,,[6],RF OFS,,0,,[7],RX LEV1(MIN) [dBm],,-53.2,,[8],RX LEV1(MAX) [dBm],,-51.9,,[9],RX LEV2(MIN) [dBm],,0,N/A,[10],RX LEV2(MAX) [dBm],,0,N/A,-52.55,-0.55,4:45
7/5/2015,04:45-05:00,Addis_Ababa_5::PMON Slot01 MODEM,Other,Addis_Ababa_5,[1],RF BBE,,0,,[2],RF ES,,0,,[3],RF SES,,0,,[4],RF SEP,,0,,[5],RF UAS,,0,,[6],RF OFS,,0,,[7],RX LEV1(MIN) [dBm],,-53.1,,[8],RX LEV1(MAX) [dBm],,-51.8,,[9],RX LEV2(MIN) [dBm],,0,N/A,[10],RX LEV2(MAX) [dBm],,0,N/A,-52.45,-0.45,5:00
7/5/2015,05:00-05:15,Addis_Ababa_5::PMON Slot01 MODEM,Other,Addis_Ababa_5,[1],RF BBE,,0,,[2],RF ES,,0,,[3],RF SES,,0,,[4],RF SEP,,0,,[5],RF UAS,,0,,[6],RF OFS,,0,,[7],RX LEV1(MIN) [dBm],,-53.5,,[8],RX LEV1(MAX) [dBm],,-51.8,,[9],RX LEV2(MIN) [dBm],,0,N/A,[10],RX LEV2(MAX) [dBm],,0,N/A,-52.65,-0.65,5:15
7/5/2015,05:15-05:30,Addis_Ababa_5::PMON Slot01 MODEM,Other,Addis_Ababa_5,[1],RF BBE,,0,,[2],RF ES,,0,,[3],RF SES,,0,,[4],RF SEP,,0,,[5],RF UAS,,0,,[6],RF OFS,,0,,[7],RX LEV1(MIN) [dBm],,-53.8,,[8],RX LEV1(MAX) [dBm],,-51.8,,[9],RX LEV2(MIN) [dBm],,0,N/A,[10],RX LEV2(MAX) [dBm],,0,N/A,-52.8,-0.8,5:30
7/5/2015,05:30-05:45,Addis_Ababa_5::PMON Slot01 MODEM,Other,Addis_Ababa_5,[1],RF BBE,,0,,[2],RF ES,,0,,[3],RF SES,,0,,[4],RF SEP,,0,,[5],RF UAS,,0,,[6],RF OFS,,0,,[7],RX LEV1(MIN) [dBm],,-53.7,,[8],RX LEV1(MAX) [dBm],,-51.5,,[9],RX LEV2(MIN) [dBm],,0,N/A,[10],RX LEV2(MAX) [dBm],,0,N/A,-52.6,-0.6,5:45
7/5/2015,05:45-06:00,Addis_Ababa_5::PMON Slot01 MODEM,Other,Addis_Ababa_5,[1],RF BBE,,0,,[2],RF ES,,0,,[3],RF SES,,0,,[4],RF SEP,,0,,[5],RF UAS,,0,,[6],RF OFS,,0,,[7],RX LEV1(MIN) [dBm],,-53.4,,[8],RX LEV1(MAX) [dBm],,-51.5,,[9],RX LEV2(MIN) [dBm],,0,N/A,[10],RX LEV2(MAX) [dBm],,0,N/A,-52.45,-0.45,6:00
7/5/2015,06:00-06:15,Addis_Ababa_5::PMON Slot01 MODEM,Other,Addis_Ababa_5,[1],RF BBE,,0,,[2],RF ES,,0,,[3],RF SES,,0,,[4],RF SEP,,0,,[5],RF UAS,,0,,[6],RF OFS,,0,,[7],RX LEV1(MIN) [dBm],,-53.2,,[8],RX LEV1(MAX) [dBm],,-51.8,,[9],RX LEV2(MIN) [dBm],,0,N/A,[10],RX LEV2(MAX) [dBm],,0,N/A,-52.5,-0.5,6:15
7/5/2015,06:15-06:30,Addis_Ababa_5::PMON Slot01 MODEM,Other,Addis_Ababa_5,[1],RF BBE,,0,,[2],RF ES,,0,,[3],RF SES,,0,,[4],RF SEP,,0,,[5],RF UAS,,0,,[6],RF OFS,,0,,[7],RX LEV1(MIN) [dBm],,-52.8,,[8],RX LEV1(MAX) [dBm],,-51.5,,[9],RX LEV2(MIN) [dBm],,0,N/A,[10],RX LEV2(MAX) [dBm],,0,N/A,-52.15,-0.15,6:30
7/5/2015,06:30-06:45,Addis_Ababa_5::PMON Slot01 MODEM,Other,Addis_Ababa_5,[1],RF BBE,,0,,[2],RF ES,,0,,[3],RF SES,,0,,[4],RF SEP,,0,,[5],RF UAS,,0,,[6],RF OFS,,0,,[7],RX LEV1(MIN) [dBm],,-53.2,,[8],RX LEV1(MAX) [dBm],,-51.4,,[9],RX LEV2(MIN) [dBm],,0,N/A,[10],RX LEV2(MAX) [dBm],,0,N/A,-52.3,-0.3,6:45
7/5/2015,06:45-07:00,Addis_Ababa_5::PMON Slot01 MODEM,Other,Addis_Ababa_5,[1],RF BBE,,0,,[2],RF ES,,0,,[3],RF SES,,0,,[4],RF SEP,,0,,[5],RF UAS,,0,,[6],RF OFS,,0,,[7],RX LEV1(MIN) [dBm],,-53.5,,[8],RX LEV1(MAX) [dBm],,-51.2,,[9],RX LEV2(MIN) [dBm],,0,N/A,[10],RX LEV2(MAX) [dBm],,0,N/A,-52.35,-0.35,7:00
7/5/2015,07:00-07:15,Addis_Ababa_5::PMON Slot01 MODEM,Other,Addis_Ababa_5,[1],RF BBE,,0,,[2],RF ES,,0,,[3],RF SES,,0,,[4],RF SEP,,0,,[5],RF UAS,,0,,[6],RF OFS,,0,,[7],RX LEV1(MIN) [dBm],,-52.5,,[8],RX LEV1(MAX) [dBm],,-51.2,,[9],RX LEV2(MIN) [dBm],,0,N/A,[10],RX LEV2(MAX) [dBm],,0,N/A,-51.85,0.15,7:15
7/5/2015,07:15-07:30,Addis_Ababa_5::PMON Slot01 MODEM,Other,Addis_Ababa_5,[1],RF BBE,,0,,[2],RF ES,,0,,[3],RF SES,,0,,[4],RF SEP,,0,,[5],RF UAS,,0,,[6],RF OFS,,0,,[7],RX LEV1(MIN) [dBm],,-53,,[8],RX LEV1(MAX) [dBm],,-51.8,,[9],RX LEV2(MIN) [dBm],,0,N/A,[10],RX LEV2(MAX) [dBm],,0,N/A,-52.4,-0.4,7:30
7/5/2015,07:30-07:45,Addis_Ababa_5::PMON Slot01 MODEM,Other,Addis_Ababa_5,[1],RF BBE,,0,,[2],RF ES,,0,,[3],RF SES,,0,,[4],RF SEP,,0,,[5],RF UAS,,0,,[6],RF OFS,,0,,[7],RX LEV1(MIN) [dBm],,-53.4,,[8],RX LEV1(MAX) [dBm],,-51.5,,[9],RX LEV2(MIN) [dBm],,0,N/A,[10],RX LEV2(MAX) [dBm],,0,N/A,-52.45,-0.45,7:45
7/5/2015,07:45-08:00,Addis_Ababa_5::PMON Slot01 MODEM,Other,Addis_Ababa_5,[1],RF BBE,,0,,[2],RF ES,,0,,[3],RF SES,,0,,[4],RF SEP,,0,,[5],RF UAS,,0,,[6],RF OFS,,0,,[7],RX LEV1(MIN) [dBm],,-52.7,,[8],RX LEV1(MAX) [dBm],,-51.8,,[9],RX LEV2(MIN) [dBm],,0,N/A,[10],RX LEV2(MAX) [dBm],,0,N/A,-52.25,-0.25,8:00
7/5/2015,08:00-08:15,Addis_Ababa_5::PMON Slot01 MODEM,Other,Addis_Ababa_5,[1],RF BBE,,0,,[2],RF ES,,0,,[3],RF SES,,0,,[4],RF SEP,,0,,[5],RF UAS,,0,,[6],RF OFS,,0,,[7],RX LEV1(MIN) [dBm],,-53.1,,[8],RX LEV1(MAX) [dBm],,-51.7,,[9],RX LEV2(MIN) [dBm],,0,N/A,[10],RX LEV2(MAX) [dBm],,0,N/A,-52.4,-0.4,8:15
7/5/2015,08:15-08:30,Addis_Ababa_5::PMON Slot01 MODEM,Other,Addis_Ababa_5,[1],RF BBE,,0,,[2],RF ES,,0,,[3],RF SES,,0,,[4],RF SEP,,0,,[5],RF UAS,,0,,[6],RF OFS,,0,,[7],RX LEV1(MIN) [dBm],,-53.2,,[8],RX LEV1(MAX) [dBm],,-52.1,,[9],RX LEV2(MIN) [dBm],,0,N/A,[10],RX LEV2(MAX) [dBm],,0,N/A,-52.65,-0.65,8:30
7/5/2015,08:30-08:45,Addis_Ababa_5::PMON Slot01 MODEM,Other,Addis_Ababa_5,[1],RF BBE,,0,,[2],RF ES,,0,,[3],RF SES,,0,,[4],RF SEP,,0,,[5],RF UAS,,0,,[6],RF OFS,,0,,[7],RX LEV1(MIN) [dBm],,-53.1,,[8],RX LEV1(MAX) [dBm],,-52.1,,[9],RX LEV2(MIN) [dBm],,0,N/A,[10],RX LEV2(MAX) [dBm],,0,N/A,-52.6,-0.6,8:45
7/5/2015,08:45-09:00,Addis_Ababa_5::PMON Slot01 MODEM,Other,Addis_Ababa_5,[1],RF BBE,,0,,[2],RF ES,,0,,[3],RF SES,,0,,[4],RF SEP,,0,,[5],RF UAS,,0,,[6],RF OFS,,0,,[7],RX LEV1(MIN) [dBm],,-53.2,,[8],RX LEV1(MAX) [dBm],,-52.1,,[9],RX LEV2(MIN) [dBm],,0,N/A,[10],RX LEV2(MAX) [dBm],,0,N/A,-52.65,-0.65,9:00
7/5/2015,09:00-09:15,Addis_Ababa_5::PMON Slot01 MODEM,Other,Addis_Ababa_5,[1],RF BBE,,0,,[2],RF ES,,0,,[3],RF SES,,0,,[4],RF SEP,,0,,[5],RF UAS,,0,,[6],RF OFS,,0,,[7],RX LEV1(MIN) [dBm],,-53.1,,[8],RX LEV1(MAX) [dBm],,-52.2,,[9],RX LEV2(MIN) [dBm],,0,N/A,[10],RX LEV2(MAX) [dBm],,0,N/A,-52.65,-0.65,9:15
7/5/2015,09:15-09:30,Addis_Ababa_5::PMON Slot01 MODEM,Other,Addis_Ababa_5,[1],RF BBE,,0,,[2],RF ES,,0,,[3],RF SES,,0,,[4],RF SEP,,0,,[5],RF UAS,,0,,[6],RF OFS,,0,,[7],RX LEV1(MIN) [dBm],,-53.1,,[8],RX LEV1(MAX) [dBm],,-52.4,,[9],RX LEV2(MIN) [dBm],,0,N/A,[10],RX LEV2(MAX) [dBm],,0,N/A,-52.75,-0.75,9:30
7/5/2015,09:30-09:45,Addis_Ababa_5::PMON Slot01 MODEM,Other,Addis_Ababa_5,[1],RF BBE,,0,,[2],RF ES,,0,,[3],RF SES,,0,,[4],RF SEP,,0,,[5],RF UAS,,0,,[6],RF OFS,,0,,[7],RX LEV1(MIN) [dBm],,-53.4,,[8],RX LEV1(MAX) [dBm],,-52.4,,[9],RX LEV2(MIN) [dBm],,0,N/A,[10],RX LEV2(MAX) [dBm],,0,N/A,-52.9,-0.9,9:45
7/5/2015,09:45-10:00,Addis_Ababa_5::PMON Slot01 MODEM,Other,Addis_Ababa_5,[1],RF BBE,,0,,[2],RF ES,,0,,[3],RF SES,,0,,[4],RF SEP,,0,,[5],RF UAS,,0,,[6],RF OFS,,0,,[7],RX LEV1(MIN) [dBm],,-53.4,,[8],RX LEV1(MAX) [dBm],,-52.2,,[9],RX LEV2(MIN) [dBm],,0,N/A,[10],RX LEV2(MAX) [dBm],,0,N/A,-52.8,-0.8,10:00
7/5/2015,10:00-10:15,Addis_Ababa_5::PMON Slot01 MODEM,Other,Addis_Ababa_5,[1],RF BBE,,0,,[2],RF ES,,0,,[3],RF SES,,0,,[4],RF SEP,,0,,[5],RF UAS,,0,,[6],RF OFS,,0,,[7],RX LEV1(MIN) [dBm],,-53.4,,[8],RX LEV1(MAX) [dBm],,-52.4,,[9],RX LEV2(MIN) [dBm],,0,N/A,[10],RX LEV2(MAX) [dBm],,0,N/A,-52.9,-0.9,10:15
7/5/2015,10:15-10:30,Addis_Ababa_5::PMON Slot01 MODEM,Other,Addis_Ababa_5,[1],RF BBE,,0,,[2],RF ES,,0,,[3],RF SES,,0,,[4],RF SEP,,0,,[5],RF UAS,,0,,[6],RF OFS,,0,,[7],RX LEV1(MIN) [dBm],,-53.4,,[8],RX LEV1(MAX) [dBm],,-52.5,,[9],RX LEV2(MIN) [dBm],,0,N/A,[10],RX LEV2(MAX) [dBm],,0,N/A,-52.95,-0.95,10:30
7/5/2015,10:30-10:45,Addis_Ababa_5::PMON Slot01 MODEM,Other,Addis_Ababa_5,[1],RF BBE,,0,,[2],RF ES,,0,,[3],RF SES,,0,,[4],RF SEP,,0,,[5],RF UAS,,0,,[6],RF OFS,,0,,[7],RX LEV1(MIN) [dBm],,-53.4,,[8],RX LEV1(MAX) [dBm],,-52.5,,[9],RX LEV2(MIN) [dBm],,0,N/A,[10],RX LEV2(MAX) [dBm],,0,N/A,-52.95,-0.95,10:45
7/5/2015,10:45-11:00,Addis_Ababa_5::PMON Slot01 MODEM,Other,Addis_Ababa_5,[1],RF BBE,,0,,[2],RF ES,,0,,[3],RF SES,,0,,[4],RF SEP,,0,,[5],RF UAS,,0,,[6],RF OFS,,0,,[7],RX LEV1(MIN) [dBm],,-53.5,,[8],RX LEV1(MAX) [dBm],,-52.5,,[9],RX LEV2(MIN) [dBm],,0,N/A,[10],RX LEV2(MAX) [dBm],,0,N/A,-53,-1,11:00
7/5/2015,11:00-11:15,Addis_Ababa_5::PMON Slot01 MODEM,Other,Addis_Ababa_5,[1],RF BBE,,0,,[2],RF ES,,0,,[3],RF SES,,0,,[4],RF SEP,,0,,[5],RF UAS,,0,,[6],RF OFS,,0,,[7],RX LEV1(MIN) [dBm],,-53.4,,[8],RX LEV1(MAX) [dBm],,-52.7,,[9],RX LEV2(MIN) [dBm],,0,N/A,[10],RX LEV2(MAX) [dBm],,0,N/A,-53.05,-1.05,11:15
7/5/2015,11:15-11:30,Addis_Ababa_5::PMON Slot01 MODEM,Other,Addis_Ababa_5,[1],RF BBE,,0,,[2],RF ES,,0,,[3],RF SES,,0,,[4],RF SEP,,0,,[5],RF UAS,,0,,[6],RF OFS,,0,,[7],RX LEV1(MIN) [dBm],,-53.5,,[8],RX LEV1(MAX) [dBm],,-52.7,,[9],RX LEV2(MIN) [dBm],,0,N/A,[10],RX LEV2(MAX) [dBm],,0,N/A,-53.1,-1.1,11:30
7/5/2015,11:30-11:45,Addis_Ababa_5::PMON Slot01 MODEM,Other,Addis_Ababa_5,[1],RF BBE,,0,,[2],RF ES,,0,,[3],RF SES,,0,,[4],RF SEP,,0,,[5],RF UAS,,0,,[6],RF OFS,,0,,[7],RX LEV1(MIN) [dBm],,-53.5,,[8],RX LEV1(MAX) [dBm],,-52.7,,[9],RX LEV2(MIN) [dBm],,0,N/A,[10],RX LEV2(MAX) [dBm],,0,N/A,-53.1,-1.1,11:45
7/5/2015,11:45-12:00,Addis_Ababa_5::PMON Slot01 MODEM,Other,Addis_Ababa_5,[1],RF BBE,,0,,[2],RF ES,,0,,[3],RF SES,,0,,[4],RF SEP,,0,,[5],RF UAS,,0,,[6],RF OFS,,0,,[7],RX LEV1(MIN) [dBm],,-53.4,,[8],RX LEV1(MAX) [dBm],,-52.7,,[9],RX LEV2(MIN) [dBm],,0,N/A,[10],RX LEV2(MAX) [dBm],,0,N/A,-53.05,-1.05,12:00
7/5/2015,12:00-12:15,Addis_Ababa_5::PMON Slot01 MODEM,Other,Addis_Ababa_5,[1],RF BBE,,0,,[2],RF ES,,0,,[3],RF SES,,0,,[4],RF SEP,,0,,[5],RF UAS,,0,,[6],RF OFS,,0,,[7],RX LEV1(MIN) [dBm],,-53.1,,[8],RX LEV1(MAX) [dBm],,-52.5,,[9],RX LEV2(MIN) [dBm],,0,N/A,[10],RX LEV2(MAX) [dBm],,0,N/A,-52.8,-0.8,12:15
7/5/2015,12:15-12:30,Addis_Ababa_5::PMON Slot01 MODEM,Other,Addis_Ababa_5,[1],RF BBE,,0,,[2],RF ES,,0,,[3],RF SES,,0,,[4],RF SEP,,0,,[5],RF UAS,,0,,[6],RF OFS,,0,,[7],RX LEV1(MIN) [dBm],,-53,,[8],RX LEV1(MAX) [dBm],,-52.4,,[9],RX LEV2(MIN) [dBm],,0,N/A,[10],RX LEV2(MAX) [dBm],,0,N/A,-52.7,-0.7,12:30
7/5/2015,12:30-12:45,Addis_Ababa_5::PMON Slot01 MODEM,Other,Addis_Ababa_5,[1],RF BBE,,0,,[2],RF ES,,0,,[3],RF SES,,0,,[4],RF SEP,,0,,[5],RF UAS,,0,,[6],RF OFS,,0,,[7],RX LEV1(MIN) [dBm],,-52.8,,[8],RX LEV1(MAX) [dBm],,-52.2,,[9],RX LEV2(MIN) [dBm],,0,N/A,[10],RX LEV2(MAX) [dBm],,0,N/A,-52.5,-0.5,12:45
7/5/2015,12:45-13:00,Addis_Ababa_5::PMON Slot01 MODEM,Other,Addis_Ababa_5,[1],RF BBE,,0,,[2],RF ES,,0,,[3],RF SES,,0,,[4],RF SEP,,0,,[5],RF UAS,,0,,[6],RF OFS,,0,,[7],RX LEV1(MIN) [dBm],,-53,,[8],RX LEV1(MAX) [dBm],,-52.2,,[9],RX LEV2(MIN) [dBm],,0,N/A,[10],RX LEV2(MAX) [dBm],,0,N/A,-52.6,-0.6,13:00
7/5/2015,13:00-13:15,Addis_Ababa_5::PMON Slot01 MODEM,Other,Addis_Ababa_5,[1],RF BBE,,0,,[2],RF ES,,0,,[3],RF SES,,0,,[4],RF SEP,,0,,[5],RF UAS,,0,,[6],RF OFS,,0,,[7],RX LEV1(MIN) [dBm],,-53.1,,[8],RX LEV1(MAX) [dBm],,-52.4,,[9],RX LEV2(MIN) [dBm],,0,N/A,[10],RX LEV2(MAX) [dBm],,0,N/A,-52.75,-0.75,13:15
7/5/2015,13:15-13:30,Addis_Ababa_5::PMON Slot01 MODEM,Other,Addis_Ababa_5,[1],RF BBE,,0,,[2],RF ES,,0,,[3],RF SES,,0,,[4],RF SEP,,0,,[5],RF UAS,,0,,[6],RF OFS,,0,,[7],RX LEV1(MIN) [dBm],,-53.1,,[8],RX LEV1(MAX) [dBm],,-52.2,,[9],RX LEV2(MIN) [dBm],,0,N/A,[10],RX LEV2(MAX) [dBm],,0,N/A,-52.65,-0.65,13:30
7/5/2015,13:30-13:45,Addis_Ababa_5::PMON Slot01 MODEM,Other,Addis_Ababa_5,[1],RF BBE,,0,,[2],RF ES,,0,,[3],RF SES,,0,,[4],RF SEP,,0,,[5],RF UAS,,0,,[6],RF OFS,,0,,[7],RX LEV1(MIN) [dBm],,-53,,[8],RX LEV1(MAX) [dBm],,-52.1,,[9],RX LEV2(MIN) [dBm],,0,N/A,[10],RX LEV2(MAX) [dBm],,0,N/A,-52.55,-0.55,13:45
7/5/2015,13:45-14:00,Addis_Ababa_5::PMON Slot01 MODEM,Other,Addis_Ababa_5,[1],RF BBE,,0,,[2],RF ES,,0,,[3],RF SES,,0,,[4],RF SEP,,0,,[5],RF UAS,,0,,[6],RF OFS,,0,,[7],RX LEV1(MIN) [dBm],,-53.1,,[8],RX LEV1(MAX) [dBm],,-52.1,,[9],RX LEV2(MIN) [dBm],,0,N/A,[10],RX LEV2(MAX) [dBm],,0,N/A,-52.6,-0.6,14:00
7/5/2015,14:00-14:15,Addis_Ababa_5::PMON Slot01 MODEM,Other,Addis_Ababa_5,[1],RF BBE,,0,,[2],RF ES,,0,,[3],RF SES,,0,,[4],RF SEP,,0,,[5],RF UAS,,0,,[6],RF OFS,,0,,[7],RX LEV1(MIN) [dBm],,-53.1,,[8],RX LEV1(MAX) [dBm],,-52.2,,[9],RX LEV2(MIN) [dBm],,0,N/A,[10],RX LEV2(MAX) [dBm],,0,N/A,-52.65,-0.65,14:15
7/5/2015,14:15-14:30,Addis_Ababa_5::PMON Slot01 MODEM,Other,Addis_Ababa_5,[1],RF BBE,,0,,[2],RF ES,,0,,[3],RF SES,,0,,[4],RF SEP,,0,,[5],RF UAS,,0,,[6],RF OFS,,0,,[7],RX LEV1(MIN) [dBm],,-53.1,,[8],RX LEV1(MAX) [dBm],,-52.1,,[9],RX LEV2(MIN) [dBm],,0,N/A,[10],RX LEV2(MAX) [dBm],,0,N/A,-52.6,-0.6,14:30
7/5/2015,14:30-14:45,Addis_Ababa_5::PMON Slot01 MODEM,Other,Addis_Ababa_5,[1],RF BBE,,0,,[2],RF ES,,0,,[3],RF SES,,0,,[4],RF SEP,,0,,[5],RF UAS,,0,,[6],RF OFS,,0,,[7],RX LEV1(MIN) [dBm],,-53,,[8],RX LEV1(MAX) [dBm],,-51.9,,[9],RX LEV2(MIN) [dBm],,0,N/A,[10],RX LEV2(MAX) [dBm],,0,N/A,-52.45,-0.45,14:45
7/5/2015,14:45-15:00,Addis_Ababa_5::PMON Slot01 MODEM,Other,Addis_Ababa_5,[1],RF BBE,,0,,[2],RF ES,,0,,[3],RF SES,,0,,[4],RF SEP,,0,,[5],RF UAS,,0,,[6],RF OFS,,0,,[7],RX LEV1(MIN) [dBm],,-53.1,,[8],RX LEV1(MAX) [dBm],,-52.1,,[9],RX LEV2(MIN) [dBm],,0,N/A,[10],RX LEV2(MAX) [dBm],,0,N/A,-52.6,-0.6,15:00
7/5/2015,15:00-15:15,Addis_Ababa_5::PMON Slot01 MODEM,Other,Addis_Ababa_5,[1],RF BBE,,0,,[2],RF ES,,0,,[3],RF SES,,0,,[4],RF SEP,,0,,[5],RF UAS,,0,,[6],RF OFS,,0,,[7],RX LEV1(MIN) [dBm],,-53.1,,[8],RX LEV1(MAX) [dBm],,-51.9,,[9],RX LEV2(MIN) [dBm],,0,N/A,[10],RX LEV2(MAX) [dBm],,0,N/A,-52.5,-0.5,15:15
7/5/2015,15:15-15:30,Addis_Ababa_5::PMON Slot01 MODEM,Other,Addis_Ababa_5,[1],RF BBE,,0,,[2],RF ES,,0,,[3],RF SES,,0,,[4],RF SEP,,0,,[5],RF UAS,,0,,[6],RF OFS,,0,,[7],RX LEV1(MIN) [dBm],,-53.1,,[8],RX LEV1(MAX) [dBm],,-51.8,,[9],RX LEV2(MIN) [dBm],,0,N/A,[10],RX LEV2(MAX) [dBm],,0,N/A,-52.45,-0.45,15:30
7/5/2015,15:30-15:45,Addis_Ababa_5::PMON Slot01 MODEM,Other,Addis_Ababa_5,[1],RF BBE,,0,,[2],RF ES,,0,,[3],RF SES,,0,,[4],RF SEP,,0,,[5],RF UAS,,0,,[6],RF OFS,,0,,[7],RX LEV1(MIN) [dBm],,-53.1,,[8],RX LEV1(MAX) [dBm],,-51.8,,[9],RX LEV2(MIN) [dBm],,0,N/A,[10],RX LEV2(MAX) [dBm],,0,N/A,-52.45,-0.45,15:45
7/5/2015,15:45-16:00,Addis_Ababa_5::PMON Slot01 MODEM,Other,Addis_Ababa_5,[1],RF BBE,,0,,[2],RF ES,,0,,[3],RF SES,,0,,[4],RF SEP,,0,,[5],RF UAS,,0,,[6],RF OFS,,0,,[7],RX LEV1(MIN) [dBm],,-53.1,,[8],RX LEV1(MAX) [dBm],,-52.1,,[9],RX LEV2(MIN) [dBm],,0,N/A,[10],RX LEV2(MAX) [dBm],,0,N/A,-52.6,-0.6,16:00
7/5/2015,16:00-16:15,Addis_Ababa_5::PMON Slot01 MODEM,Other,Addis_Ababa_5,[1],RF BBE,,0,,[2],RF ES,,0,,[3],RF SES,,0,,[4],RF SEP,,0,,[5],RF UAS,,0,,[6],RF OFS,,0,,[7],RX LEV1(MIN) [dBm],,-53.2,,[8],RX LEV1(MAX) [dBm],,-51.9,,[9],RX LEV2(MIN) [dBm],,0,N/A,[10],RX LEV2(MAX) [dBm],,0,N/A,-52.55,-0.55,16:15
7/5/2015,16:15-16:30,Addis_Ababa_5::PMON Slot01 MODEM,Other,Addis_Ababa_5,[1],RF BBE,,0,,[2],RF ES,,0,,[3],RF SES,,0,,[4],RF SEP,,0,,[5],RF UAS,,0,,[6],RF OFS,,0,,[7],RX LEV1(MIN) [dBm],,-53,,[8],RX LEV1(MAX) [dBm],,-51.9,,[9],RX LEV2(MIN) [dBm],,0,N/A,[10],RX LEV2(MAX) [dBm],,0,N/A,-52.45,-0.45,16:30
7/5/2015,16:30-16:45,Addis_Ababa_5::PMON Slot01 MODEM,Other,Addis_Ababa_5,[1],RF BBE,,0,,[2],RF ES,,0,,[3],RF SES,,0,,[4],RF SEP,,0,,[5],RF UAS,,0,,[6],RF OFS,,0,,[7],RX LEV1(MIN) [dBm],,-53.1,,[8],RX LEV1(MAX) [dBm],,-52.1,,[9],RX LEV2(MIN) [dBm],,0,N/A,[10],RX LEV2(MAX) [dBm],,0,N/A,-52.6,-0.6,16:45
7/5/2015,16:45-17:00,Addis_Ababa_5::PMON Slot01 MODEM,Other,Addis_Ababa_5,[1],RF BBE,,0,,[2],RF ES,,0,,[3],RF SES,,0,,[4],RF SEP,,0,,[5],RF UAS,,0,,[6],RF OFS,,0,,[7],RX LEV1(MIN) [dBm],,-52.8,,[8],RX LEV1(MAX) [dBm],,-51.9,,[9],RX LEV2(MIN) [dBm],,0,N/A,[10],RX LEV2(MAX) [dBm],,0,N/A,-52.35,-0.35,17:00
7/5/2015,17:00-17:15,Addis_Ababa_5::PMON Slot01 MODEM,Other,Addis_Ababa_5,[1],RF BBE,,0,,[2],RF ES,,0,,[3],RF SES,,0,,[4],RF SEP,,0,,[5],RF UAS,,0,,[6],RF OFS,,0,,[7],RX LEV1(MIN) [dBm],,-52.7,,[8],RX LEV1(MAX) [dBm],,-51.9,,[9],RX LEV2(MIN) [dBm],,0,N/A,[10],RX LEV2(MAX) [dBm],,0,N/A,-52.3,-0.3,17:15
7/5/2015,17:15-17:30,Addis_Ababa_5::PMON Slot01 MODEM,Other,Addis_Ababa_5,[1],RF BBE,,0,,[2],RF ES,,0,,[3],RF SES,,0,,[4],RF SEP,,0,,[5],RF UAS,,0,,[6],RF OFS,,0,,[7],RX LEV1(MIN) [dBm],,-53,,[8],RX LEV1(MAX) [dBm],,-52.1,,[9],RX LEV2(MIN) [dBm],,0,N/A,[10],RX LEV2(MAX) [dBm],,0,N/A,-52.55,-0.55,17:30
7/5/2015,17:30-17:45,Addis_Ababa_5::PMON Slot01 MODEM,Other,Addis_Ababa_5,[1],RF BBE,,0,,[2],RF ES,,0,,[3],RF SES,,0,,[4],RF SEP,,0,,[5],RF UAS,,0,,[6],RF OFS,,0,,[7],RX LEV1(MIN) [dBm],,-52.7,,[8],RX LEV1(MAX) [dBm],,-51.9,,[9],RX LEV2(MIN) [dBm],,0,N/A,[10],RX LEV2(MAX) [dBm],,0,N/A,-52.3,-0.3,17:45
7/5/2015,17:45-18:00,Addis_Ababa_5::PMON Slot01 MODEM,Other,Addis_Ababa_5,[1],RF BBE,,0,,[2],RF ES,,0,,[3],RF SES,,0,,[4],RF SEP,,0,,[5],RF UAS,,0,,[6],RF OFS,,0,,[7],RX LEV1(MIN) [dBm],,-52.7,,[8],RX LEV1(MAX) [dBm],,-52.1,,[9],RX LEV2(MIN) [dBm],,0,N/A,[10],RX LEV2(MAX) [dBm],,0,N/A,-52.4,-0.4,18:00
7/5/2015,18:00-18:15,Addis_Ababa_5::PMON Slot01 MODEM,Other,Addis_Ababa_5,[1],RF BBE,,0,,[2],RF ES,,0,,[3],RF SES,,0,,[4],RF SEP,,0,,[5],RF UAS,,0,,[6],RF OFS,,0,,[7],RX LEV1(MIN) [dBm],,-52.8,,[8],RX LEV1(MAX) [dBm],,-51.9,,[9],RX LEV2(MIN) [dBm],,0,N/A,[10],RX LEV2(MAX) [dBm],,0,N/A,-52.35,-0.35,18:15
7/5/2015,18:15-18:30,Addis_Ababa_5::PMON Slot01 MODEM,Other,Addis_Ababa_5,[1],RF BBE,,0,,[2],RF ES,,0,,[3],RF SES,,0,,[4],RF SEP,,0,,[5],RF UAS,,0,,[6],RF OFS,,0,,[7],RX LEV1(MIN) [dBm],,-52.8,,[8],RX LEV1(MAX) [dBm],,-51.9,,[9],RX LEV2(MIN) [dBm],,0,N/A,[10],RX LEV2(MAX) [dBm],,0,N/A,-52.35,-0.35,18:30
7/5/2015,18:30-18:45,Addis_Ababa_5::PMON Slot01 MODEM,Other,Addis_Ababa_5,[1],RF BBE,,0,,[2],RF ES,,0,,[3],RF SES,,0,,[4],RF SEP,,0,,[5],RF UAS,,0,,[6],RF OFS,,0,,[7],RX LEV1(MIN) [dBm],,-53,,[8],RX LEV1(MAX) [dBm],,-51.9,,[9],RX LEV2(MIN) [dBm],,0,N/A,[10],RX LEV2(MAX) [dBm],,0,N/A,-52.45,-0.45,18:45
7/5/2015,18:45-19:00,Addis_Ababa_5::PMON Slot01 MODEM,Other,Addis_Ababa_5,[1],RF BBE,,0,,[2],RF ES,,0,,[3],RF SES,,0,,[4],RF SEP,,0,,[5],RF UAS,,0,,[6],RF OFS,,0,,[7],RX LEV1(MIN) [dBm],,-53.5,,[8],RX LEV1(MAX) [dBm],,-51.9,,[9],RX LEV2(MIN) [dBm],,0,N/A,[10],RX LEV2(MAX) [dBm],,0,N/A,-52.7,-0.7,19:00
7/5/2015,19:00-19:15,Addis_Ababa_5::PMON Slot01 MODEM,Other,Addis_Ababa_5,[1],RF BBE,,0,,[2],RF ES,,0,,[3],RF SES,,0,,[4],RF SEP,,0,,[5],RF UAS,,0,,[6],RF OFS,,0,,[7],RX LEV1(MIN) [dBm],,-56.3,,[8],RX LEV1(MAX) [dBm],,-51.9,,[9],RX LEV2(MIN) [dBm],,0,N/A,[10],RX LEV2(MAX) [dBm],,0,N/A,-54.1,-2.1,19:15
7/5/2015,19:15-19:30,Addis_Ababa_5::PMON Slot01 MODEM,Other,Addis_Ababa_5,[1],RF BBE,,0,,[2],RF ES,,0,,[3],RF SES,,0,,[4],RF SEP,,0,,[5],RF UAS,,0,,[6],RF OFS,,0,,[7],RX LEV1(MIN) [dBm],,-57.3,,[8],RX LEV1(MAX) [dBm],,-51.5,,[9],RX LEV2(MIN) [dBm],,0,N/A,[10],RX LEV2(MAX) [dBm],,0,N/A,-54.4,-2.4,19:30
7/5/2015,19:30-19:45,Addis_Ababa_5::PMON Slot01 MODEM,Other,Addis_Ababa_5,[1],RF BBE,,0,,[2],RF ES,,0,,[3],RF SES,,0,,[4],RF SEP,,0,,[5],RF UAS,,0,,[6],RF OFS,,0,,[7],RX LEV1(MIN) [dBm],,-55.8,,[8],RX LEV1(MAX) [dBm],,-51.5,,[9],RX LEV2(MIN) [dBm],,0,N/A,[10],RX LEV2(MAX) [dBm],,0,N/A,-53.65,-1.65,19:45
7/5/2015,19:45-20:00,Addis_Ababa_5::PMON Slot01 MODEM,Other,Addis_Ababa_5,[1],RF BBE,,0,,[2],RF ES,,0,,[3],RF SES,,0,,[4],RF SEP,,0,,[5],RF UAS,,0,,[6],RF OFS,,0,,[7],RX LEV1(MIN) [dBm],,-55.7,,[8],RX LEV1(MAX) [dBm],,-53.2,,[9],RX LEV2(MIN) [dBm],,0,N/A,[10],RX LEV2(MAX) [dBm],,0,N/A,-54.45,-2.45,20:00
7/5/2015,20:00-20:15,Addis_Ababa_5::PMON Slot01 MODEM,Other,Addis_Ababa_5,[1],RF BBE,,0,,[2],RF ES,,0,,[3],RF SES,,0,,[4],RF SEP,,0,,[5],RF UAS,,0,,[6],RF OFS,,0,,[7],RX LEV1(MIN) [dBm],,-54.1,,[8],RX LEV1(MAX) [dBm],,-52.4,,[9],RX LEV2(MIN) [dBm],,0,N/A,[10],RX LEV2(MAX) [dBm],,0,N/A,-53.25,-1.25,20:15
7/5/2015,20:15-20:30,Addis_Ababa_5::PMON Slot01 MODEM,Other,Addis_Ababa_5,[1],RF BBE,,0,,[2],RF ES,,0,,[3],RF SES,,0,,[4],RF SEP,,0,,[5],RF UAS,,0,,[6],RF OFS,,0,,[7],RX LEV1(MIN) [dBm],,-53.2,,[8],RX LEV1(MAX) [dBm],,-52.2,,[9],RX LEV2(MIN) [dBm],,0,N/A,[10],RX LEV2(MAX) [dBm],,0,N/A,-52.7,-0.7,20:30
7/5/2015,20:30-20:45,Addis_Ababa_5::PMON Slot01 MODEM,Other,Addis_Ababa_5,[1],RF BBE,,0,,[2],RF ES,,0,,[3],RF SES,,0,,[4],RF SEP,,0,,[5],RF UAS,,0,,[6],RF OFS,,0,,[7],RX LEV1(MIN) [dBm],,-53,,[8],RX LEV1(MAX) [dBm],,-52.1,,[9],RX LEV2(MIN) [dBm],,0,N/A,[10],RX LEV2(MAX) [dBm],,0,N/A,-52.55,-0.55,20:45
7/5/2015,20:45-21:00,Addis_Ababa_5::PMON Slot01 MODEM,Other,Addis_Ababa_5,[1],RF BBE,,0,,[2],RF ES,,0,,[3],RF SES,,0,,[4],RF SEP,,0,,[5],RF UAS,,0,,[6],RF OFS,,0,,[7],RX LEV1(MIN) [dBm],,-53,,[8],RX LEV1(MAX) [dBm],,-51.9,,[9],RX LEV2(MIN) [dBm],,0,N/A,[10],RX LEV2(MAX) [dBm],,0,N/A,-52.45,-0.45,21:00
7/5/2015,21:00-21:15,Addis_Ababa_5::PMON Slot01 MODEM,Other,Addis_Ababa_5,[1],RF BBE,,0,,[2],RF ES,,0,,[3],RF SES,,0,,[4],RF SEP,,0,,[5],RF UAS,,0,,[6],RF OFS,,0,,[7],RX LEV1(MIN) [dBm],,-53.2,,[8],RX LEV1(MAX) [dBm],,-51.8,,[9],RX LEV2(MIN) [dBm],,0,N/A,[10],RX LEV2(MAX) [dBm],,0,N/A,-52.5,-0.5,21:15
7/5/2015,21:15-21:30,Addis_Ababa_5::PMON Slot01 MODEM,Other,Addis_Ababa_5,[1],RF BBE,,0,,[2],RF ES,,0,,[3],RF SES,,0,,[4],RF SEP,,0,,[5],RF UAS,,0,,[6],RF OFS,,0,,[7],RX LEV1(MIN) [dBm],,-53.1,,[8],RX LEV1(MAX) [dBm],,-51.8,,[9],RX LEV2(MIN) [dBm],,0,N/A,[10],RX LEV2(MAX) [dBm],,0,N/A,-52.45,-0.45,21:30
7/5/2015,21:30-21:45,Addis_Ababa_5::PMON Slot01 MODEM,Other,Addis_Ababa_5,[1],RF BBE,,0,,[2],RF ES,,0,,[3],RF SES,,0,,[4],RF SEP,,0,,[5],RF UAS,,0,,[6],RF OFS,,0,,[7],RX LEV1(MIN) [dBm],,-52.8,,[8],RX LEV1(MAX) [dBm],,-51.9,,[9],RX LEV2(MIN) [dBm],,0,N/A,[10],RX LEV2(MAX) [dBm],,0,N/A,-52.35,-0.35,21:45
7/5/2015,21:45-22:00,Addis_Ababa_5::PMON Slot01 MODEM,Other,Addis_Ababa_5,[1],RF BBE,,0,,[2],RF ES,,0,,[3],RF SES,,0,,[4],RF SEP,,0,,[5],RF UAS,,0,,[6],RF OFS,,0,,[7],RX LEV1(MIN) [dBm],,-53,,[8],RX LEV1(MAX) [dBm],,-51.9,,[9],RX LEV2(MIN) [dBm],,0,N/A,[10],RX LEV2(MAX) [dBm],,0,N/A,-52.45,-0.45,22:00
7/5/2015,22:00-22:15,Addis_Ababa_5::PMON Slot01 MODEM,Other,Addis_Ababa_5,[1],RF BBE,,0,,[2],RF ES,,0,,[3],RF SES,,0,,[4],RF SEP,,0,,[5],RF UAS,,0,,[6],RF OFS,,0,,[7],RX LEV1(MIN) [dBm],,-53.2,,[8],RX LEV1(MAX) [dBm],,-51.9,,[9],RX LEV2(MIN) [dBm],,0,N/A,[10],RX LEV2(MAX) [dBm],,0,N/A,-52.55,-0.55,22:15
7/5/2015,22:15-22:30,Addis_Ababa_5::PMON Slot01 MODEM,Other,Addis_Ababa_5,[1],RF BBE,,0,,[2],RF ES,,0,,[3],RF SES,,0,,[4],RF SEP,,0,,[5],RF UAS,,0,,[6],RF OFS,,0,,[7],RX LEV1(MIN) [dBm],,-53.5,,[8],RX LEV1(MAX) [dBm],,-51.8,,[9],RX LEV2(MIN) [dBm],,0,N/A,[10],RX LEV2(MAX) [dBm],,0,N/A,-52.65,-0.65,22:30
7/5/2015,22:30-22:45,Addis_Ababa_5::PMON Slot01 MODEM,Other,Addis_Ababa_5,[1],RF BBE,,0,,[2],RF ES,,0,,[3],RF SES,,0,,[4],RF SEP,,0,,[5],RF UAS,,0,,[6],RF OFS,,0,,[7],RX LEV1(MIN) [dBm],,-53.4,,[8],RX LEV1(MAX) [dBm],,-50.8,,[9],RX LEV2(MIN) [dBm],,0,N/A,[10],RX LEV2(MAX) [dBm],,0,N/A,-52.1,-0.1,22:45
7/5/2015,22:45-23:00,Addis_Ababa_5::PMON Slot01 MODEM,Other,Addis_Ababa_5,[1],RF BBE,,0,,[2],RF ES,,0,,[3],RF SES,,0,,[4],RF SEP,,0,,[5],RF UAS,,0,,[6],RF OFS,,0,,[7],RX LEV1(MIN) [dBm],,-54,,[8],RX LEV1(MAX) [dBm],,-51.7,,[9],RX LEV2(MIN) [dBm],,0,N/A,[10],RX LEV2(MAX) [dBm],,0,N/A,-52.85,-0.85,23:00
7/5/2015,23:00-23:15,Addis_Ababa_5::PMON Slot01 MODEM,Other,Addis_Ababa_5,[1],RF BBE,,0,,[2],RF ES,,0,,[3],RF SES,,0,,[4],RF SEP,,0,,[5],RF UAS,,0,,[6],RF OFS,,0,,[7],RX LEV1(MIN) [dBm],,-53.5,,[8],RX LEV1(MAX) [dBm],,-51.8,,[9],RX LEV2(MIN) [dBm],,0,N/A,[10],RX LEV2(MAX) [dBm],,0,N/A,-52.65,-0.65,23:15
7/5/2015,23:15-23:30,Addis_Ababa_5::PMON Slot01 MODEM,Other,Addis_Ababa_5,[1],RF BBE,,0,,[2],RF ES,,0,,[3],RF SES,,0,,[4],RF SEP,,0,,[5],RF UAS,,0,,[6],RF OFS,,0,,[7],RX LEV1(MIN) [dBm],,-53.5,,[8],RX LEV1(MAX) [dBm],,-51.8,,[9],RX LEV2(MIN) [dBm],,0,N/A,[10],RX LEV2(MAX) [dBm],,0,N/A,-52.65,-0.65,23:30
7/5/2015,23:30-23:45,Addis_Ababa_5::PMON Slot01 MODEM,Other,Addis_Ababa_5,[1],RF BBE,,0,,[2],RF ES,,0,,[3],RF SES,,0,,[4],RF SEP,,0,,[5],RF UAS,,0,,[6],RF OFS,,0,,[7],RX LEV1(MIN) [dBm],,-53.2,,[8],RX LEV1(MAX) [dBm],,-51.8,,[9],RX LEV2(MIN) [dBm],,0,N/A,[10],RX LEV2(MAX) [dBm],,0,N/A,-52.5,-0.5,23:45
7/5/2015,23:45-00:00,Addis_Ababa_5::PMON Slot01 MODEM,Other,Addis_Ababa_5,[1],RF BBE,,0,,[2],RF ES,,0,,[3],RF SES,,0,,[4],RF SEP,,0,,[5],RF UAS,,0,,[6],RF OFS,,0,,[7],RX LEV1(MIN) [dBm],,-53,,[8],RX LEV1(MAX) [dBm],,-51.9,,[9],RX LEV2(MIN) [dBm],,0,N/A,[10],RX LEV2(MAX) [dBm],,0,N/A,-52.45,-0.45,0:00
